<?xml version="1.0" encoding="UTF-8"?>
<beans xmlns:aop="http://www.springframework.org/schema/aop"
  xmlns:tx="http://www.springframework.org/schema/tx"
  xmlns:xsi="http://www.w3.org/2001/XMLSchema-instance"
  xmlns="http://www.springframework.org/schema/beans"
  xsi:schemaLocation="http://www.springframework.org/schema/beans http://www.springframework.org/schema/beans/spring-beans.xsd

	http://www.springframework.org/schema/aop http://www.springframework.org/schema/aop/spring-aop.xsd
    http://www.springframework.org/schema/tx http://www.springframework.org/schema/tx/spring-tx.xsd">

  <bean class="org.springframework.jdbc.datasource.DataSourceTransactionManager"
    id="transactionManager">
    <property name="dataSource" ref="dataSource"/>
  </bean>

  <tx:advice id="dataAdvice">
    <tx:attributes>
      <tx:method name="insert*" rollback-for="java.lang.Throwable"/>
      <tx:method name="delete*" rollback-for="java.lang.Throwable"/>
      <tx:method name="update*" rollback-for="java.lang.Throwable"/>
      <tx:method name="save*" rollback-for="java.lang.Throwable"/>
      <tx:method name="edit*" rollback-for="java.lang.Throwable"/>
      <tx:method name="add*" rollback-for="java.lang.Throwable"/>
      <tx:method name="select*" propagation="SUPPORTS"/>
      <tx:method name="query*" propagation="SUPPORTS"/>
      <tx:method name="get*" propagation="SUPPORTS"/>
    </tx:attributes>
  </tx:advice>

  <aop:config>
    <aop:pointcut expression="execution(* com.sf.provider.manager.impl.*.*(..))" id="dataPointcut"/>
    <aop:advisor advice-ref="dataAdvice" pointcut-ref="dataPointcut"/>
  </aop:config>

</beans>