<?xml version="1.0" encoding="UTF-8"?>
<!--
  ~ Copyright 2017 SF Airlines Co., Ltd. All rights reserved.
  ~ 本文件仅限于顺丰航空有限公司内部传阅，禁止外泄以及用于其他的商业目的。
  -->

<beans xmlns="http://www.springframework.org/schema/beans"
       xmlns:xsi="http://www.w3.org/2001/XMLSchema-instance"
       xmlns:tx="http://www.springframework.org/schema/tx"
       xmlns:aop="http://www.springframework.org/schema/aop"
       xsi:schemaLocation="http://www.springframework.org/schema/beans
	http://www.springframework.org/schema/beans/spring-beans.xsd
    http://www.springframework.org/schema/tx
    http://www.springframework.org/schema/tx/spring-tx.xsd http://www.springframework.org/schema/aop http://www.springframework.org/schema/aop/spring-aop.xsd">

    <bean id="sfopenDataSource" class="com.alibaba.druid.pool.DruidDataSource"
          destroy-method="close">
        <property name="driverClassName" value="${default.jdbc.driverClass}"/>
        <property name="url" value="${default.jdbc.url}"/>
        <property name="username" value="${default.jdbc.username}"/>
        <property name="password" value="${default.jdbc.password}"/>

        <property name="maxActive" value="${maxActive}"/>
        <property name="initialSize" value="${initialSize}"/>
        <property name="maxWait" value="${maxWait}"/>
        <property name="minIdle" value="${minIdle}"/>

        <property name="validationQuery" value="${validationQuery}"/>
        <property name="testWhileIdle" value="${testWhileIdle}"/>
        <property name="testOnBorrow" value="${testOnBorrow}"/>
        <property name="testOnReturn" value="${testOnReturn}"/>

        <property name="timeBetweenEvictionRunsMillis" value="25000"/>
        <property name="minEvictableIdleTimeMillis" value="300000"/>
        <property name="filters" value="mergeStat,wall"/>
    </bean>


    <bean id="multiDataSource" class="com.sf.erui.mybatis.support.MultipleDataSource">
        <property name="targetDataSources">
            <map key-type="java.lang.String">
                <entry value-ref="sfopenDataSource" key="asms"/>
            </map>
        </property>
        <property name="defaultTargetDataSource" ref="sfopenDataSource"/>
    </bean>

    <!-- mapperLocations 指定在 sqlmap目录下是所有子文件-->
    <bean id="sqlSessionFactory" class="com.sf.erui.mybatis.SqlSessionFactoryBean">
        <property name="dataSource" ref="multiDataSource"/>
        <property name="mapperLocations">
            <list>
                <value>classpath*:sqlmap/**/*Mapper.xml</value>
            </list>
        </property>
        <property name="includeMapperLocations" value="classpath*:${default.jdbc.type}/**/*Mapper.xml"/>
        <property name="configLocation" value="classpath:conf/mybatis-config.xml"/>
    </bean>

    <!-- ScanMapperFiles -->
    <bean class="org.mybatis.spring.mapper.MapperScannerConfigurer">
        <property name="basePackage" value="**.mapper"/>
        <property name="sqlSessionFactoryBeanName" value="sqlSessionFactory"/>
    </bean>

    <bean id="transactionManager"
          class="org.springframework.jdbc.datasource.DataSourceTransactionManager">
        <property name="dataSource" ref="multiDataSource"/>
    </bean>

    <tx:advice id="transactionService" transaction-manager="transactionManager">
        <tx:attributes>
            <tx:method name="add*" propagation="REQUIRED" />
            <tx:method name="insert*" propagation="REQUIRED" />
            <tx:method name="delete*" propagation="REQUIRED" />
            <tx:method name="remove*" propagation="REQUIRED" />
            <tx:method name="update*" propagation="REQUIRED" />
            <tx:method name="save*" propagation="REQUIRED" />
            <tx:method name="revise*" propagation="REQUIRED" />
            <tx:method name="complete*" propagation="REQUIRED" />
            <tx:method name="start*" propagation="REQUIRED"/>
            <tx:method name="execute*" propagation="REQUIRED" />
            <tx:method name="create*" propagation="REQUIRED" />
            <tx:method name="submit*" propagation="REQUIRED" />
            <tx:method name="reject*" propagation="REQUIRED" />
            <tx:method name="return*" propagation="REQUIRED" />
            <tx:method name="select*" propagation="SUPPORTS" />
            <tx:method name="find*" propagation="SUPPORTS" />
            <tx:method name="query*" propagation="SUPPORTS" />
            <tx:method name="get*" propagation="SUPPORTS" />
            <tx:method name="count*" propagation="SUPPORTS" />
            <tx:method name="list*" propagation="SUPPORTS" />
        </tx:attributes>
    </tx:advice>

    <!-- 这句话运行在beans.xml配置的类中使用@Transactional来申明事务 -->
    <tx:annotation-driven transaction-manager="transactionManager"/>

    <aop:config>
        <aop:pointcut id="transactionPointcut" expression="execution(* com.sf.erui.mapper.*.*(..))" />
        <aop:pointcut id="sfaopenPointcut" expression="execution(* com.sfa.sfopen.*.service..*.*(..))" />
        <aop:advisor pointcut-ref="transactionPointcut" advice-ref="transactionService" />
        <aop:advisor pointcut-ref="sfaopenPointcut" advice-ref="transactionService" />
    </aop:config>
</beans>