<?xml version="1.0" encoding="UTF-8"?>
<!--
  ~ Copyright 2017 SF Airlines Co., Ltd. All rights reserved.
  ~ 本文件仅限于顺丰航空有限公司内部传阅，禁止外泄以及用于其他的商业目的。
  -->

<beans xmlns="http://www.springframework.org/schema/beans"
       xmlns:xsi="http://www.w3.org/2001/XMLSchema-instance"
       xmlns:context="http://www.springframework.org/schema/context"
       xmlns:task="http://www.springframework.org/schema/task"
       xmlns:aop="http://www.springframework.org/schema/aop"
       xsi:schemaLocation="http://www.springframework.org/schema/beans http://www.springframework.org/schema/beans/spring-beans.xsd
	http://www.springframework.org/schema/context
	http://www.springframework.org/schema/context/spring-context.xsd
	http://www.springframework.org/schema/task
    http://www.springframework.org/schema/task/spring-task.xsd
	http://www.springframework.org/schema/aop http://www.springframework.org/schema/aop/spring-aop.xsd">


    <context:component-scan base-package="com.sf.erui.manager.cas"/>
    <context:component-scan base-package="com.sf.erui.mapper.cas"/>
    <import resource="classpath:spring/spring-config-datasource.xml"/>

    <!--&lt;!&ndash;import resource="classpath:conf/spring-datasource.xml" />-->
    <!-- open开头的配置文件属于框架默认的配置，可以移除自己添加 -->
    <import resource="classpath:conf/open-disconf.xml"/>
    <!-- open-ehcache.xml, open-redis.xml，可以移除自己添加 -->

    <bean id="sysconfig_disconf"
          class="com.baidu.disconf.client.addons.properties.ReloadablePropertiesFactoryBean">
        <property name="locations">
            <list>
                <value>classpath:sys.properties</value>
                <value>classpath:jdbc.properties</value>
                <value>classpath:redis.properties</value>
            </list>
        </property>
    </bean>

    <bean id="taskExecutor" class="org.springframework.scheduling.concurrent.ThreadPoolTaskExecutor">
        <!-- 核心线程数 -->
        <property name="corePoolSize" value="2"/>
        <!-- 最大线程数 -->
        <property name="maxPoolSize" value="10"/>
        <!-- 队列最大长度 -->
        <property name="queueCapacity" value="1000"/>
        <!-- 线程池维护线程所允许的空闲时间，默认为60s -->
        <property name="keepAliveSeconds" value="60"/>
    </bean>
    <!-- 注解式 -->
    <task:annotation-driven executor="taskExecutor"/>

    <aop:aspectj-autoproxy/>
    <!-- audit log Aspect -->

    <bean id="logAspect" class="com.sf.erui.manager.utils.LoggingAspect"/>
    <bean class="org.springframework.beans.factory.config.MethodInvokingFactoryBean">
        <property name="staticMethod" value="com.sf.erui.log.AuditLoggerUtils.setSystemCode"/>
        <property name="arguments" value="${sysCode}"/>
    </bean>

    <!--配置Druid-Spring 业务逻辑监控-->
    <bean id="druid-stat-interceptor"
          class="com.alibaba.druid.support.spring.stat.DruidStatInterceptor">
    </bean>

    <bean id="druid-stat-pointcut" class="org.springframework.aop.support.JdkRegexpMethodPointcut"
          scope="prototype">
        <property name="patterns">
            <list>
                <value>com.sf*.*.service.*</value>
            </list>
        </property>

    </bean>

    <aop:config proxy-target-class="true">
        <aop:advisor
                advice-ref="druid-stat-interceptor"
                pointcut-ref="druid-stat-pointcut"/>
    </aop:config>

</beans>