<?xml version="1.0" encoding="UTF-8" ?>
<!DOCTYPE mapper PUBLIC "-//mybatis.org//DTD Mapper 3.0//EN"
  "http://mybatis.org/dtd/mybatis-3-mapper.dtd" >
<mapper namespace="com.sf.provider.mapper.DemoUserMapper">
  <resultMap id="DemoUserExtendResultMap" type="com.sf.provider.model.extend.DemoUserExtend">
    <id column="id" jdbcType="INTEGER" property="id"/>
    <result column="code" jdbcType="VARCHAR" property="code"/>
    <result column="name" jdbcType="VARCHAR" property="name"/>
    <result column="description" jdbcType="VARCHAR" property="description"/>
    <result column="comment" jdbcType="VARCHAR" property="comment"/>
    <result column="level" jdbcType="INTEGER" property="demoLevel"/>
    <result column="level_name" jdbcType="VARCHAR" property="demoLevelName"/>
  </resultMap>

  <select id="selectAll" resultMap="DemoUserExtendResultMap">
		SELECT c1.id, c1.code, c1.name, c1.description, c1.comment, c2.level, c2.level_name
		 FROM demo_user c1 LEFT JOIN demo_user_level c2 ON c1.code=c2.code
	</select>

</mapper>