<?xml version="1.0" encoding="UTF-8"?>
<!DOCTYPE generatorConfiguration
        PUBLIC "-//mybatis.org//DTD MyBatis Generator Configuration 1.0//EN"
        "http://mybatis.org/dtd/mybatis-generator-config_1_0.dtd">
<generatorConfiguration>
    <!--数据库驱动-->
    <context id="DB2Tables" targetRuntime="MyBatis3">

        <property name="javaFileEncoding" value="UTF-8"/>

        <plugin type="com.sfa.mybatis.generator.plugins.PaginationPlugin"/>

        <commentGenerator type="com.sfa.mybatis.generator.MyCommentGenerator">
            <property name="suppressDate" value="true"/>
            <property name="suppressAllComments" value="true"/>
        </commentGenerator>
        <!--数据库链接地址账号密码-->
        <jdbcConnection driverClass="oracle.jdbc.driver.OracleDriver"
                        connectionURL="jdbc:oracle:thin:@10.88.15.107:1521:sfautf8" userId="hcc"
                        password="hcctest#107">
            <!-- 针对oracle数据库 -->
            <property name="remarksReporting" value="true"  ></property>
        </jdbcConnection>
        <javaTypeResolver>
            <property name="forceBigDecimals" value="false"/>
        </javaTypeResolver>
        <!--生成Model类存放位置-->
        <javaModelGenerator targetPackage="com.sfa.sfopen.copydata" targetProject="src">
            <property name="enableSubPackages" value="true"/>
            <property name="trimStrings" value="true"/>
        </javaModelGenerator>
        <!--生成映射文件存放位置-->
        <sqlMapGenerator targetPackage="com.sfa.sfopen.copydata.mappings" targetProject="src">
            <property name="enableSubPackages" value="true"/>
        </sqlMapGenerator>
        <!--生成Dao类存放位置-->
        <javaClientGenerator type="XMLMAPPER" targetPackage="com.sfa.sfopen.copydata.dao" targetProject="src">
            <property name="enableSubPackages" value="true"/>
        </javaClientGenerator>

        <!--生成对应表及类名-->
        <table tableName="T_FLIGHT_FOC" domainObjectName="FlightFoc" enableCountByExample="true"
               enableUpdateByExample="false" enableDeleteByExample="false" enableSelectByExample="true"
               selectByExampleQueryId="false"></table>
    </context>
</generatorConfiguration>