<?xml version="1.0" encoding="UTF-8"?>
<!DOCTYPE mapper PUBLIC "-//mybatis.org//DTD Mapper 3.0//EN" "http://mybatis.org/dtd/mybatis-3-mapper.dtd">
<mapper namespace="com.sfa.sfopen.autokey.mapper.AutokeyMapper">

	<resultMap id="BaseResultMap" type="com.sfa.sfopen.autokey.domain.Autokey">
		<id column="ID" jdbcType="VARCHAR" property="id" />
		<result column="EMP_NUM" jdbcType="VARCHAR" property="empNum" />
		<result column="MODULE" jdbcType="VARCHAR" property="module" />
		<result column="NAME" jdbcType="VARCHAR" property="name" />
		<result column="RULE" jdbcType="VARCHAR" property="rule" />
		<result column="PREFIX" jdbcType="VARCHAR" property="prefix" />
		<result column="SUFFIX" jdbcType="VARCHAR" property="suffix" />
		<result column="MODEL" jdbcType="VARCHAR" property="model" />
		<result column="ATA" jdbcType="VARCHAR" property="ata" />
		<result column="SEED" jdbcType="VARCHAR" property="seed" />
		<result column="CURNO" jdbcType="VARCHAR" property="curNo" />
		<result column="CTIME" jdbcType="DATE" property="ctime" />
		<result column="MTIME" jdbcType="DATE" property="mtime" />
		<result column="FORMAT" jdbcType="VARCHAR" property="format" />
		<result column="CONNECTOR" jdbcType="VARCHAR" property="connector" />
		<result column="DISABLED" jdbcType="VARCHAR" property="disabled" />

	</resultMap>

	<sql id="Base_Column_List">
        ID,MODULE,NAME,RULE,PREFIX,SUFFIX,MODEL,ATA,SEED,CURNO,CTIME,MTIME,CONNECTOR,DISABLED,FORMAT
	</sql>


	<select id="queryAutokey"  parameterType="map" resultMap="BaseResultMap">
  	      SELECT
	           <include refid="Base_Column_List" />

	            FROM T_COM_AUTOKEY   WHERE  1 = 1

	   <if test="module != null">
              and  module  = #{module,jdbcType=VARCHAR}
	   </if>

	   <if test="name != null">
		   and  name =  #{name,jdbcType=VARCHAR}
	   </if>

	   <if test="model != null">
		   and  model  = #{model,jdbcType=VARCHAR}
	   </if>

	   <if test="ata != null">
		   and  ata   = #{ata,jdbcType=VARCHAR}
	   </if>

  	</select>

	<update id="update" parameterType="com.sfa.sfopen.autokey.domain.Autokey">

       UPDATE T_COM_AUTOKEY SET MODULE = #module#,
			MODEL = #{model,jdbcType=VARCHAR},
			ATA   = #{ata,jdbcType=VARCHAR},
			RULE  = #{rule,jdbcType=VARCHAR},
			PREFIX = #{prefix,jdbcType=VARCHAR},
			SUFFIX = #{suffix,jdbcType=VARCHAR},
			SEED  = #{seed,jdbcType=VARCHAR},
        CURNO = #{curNo,jdbcType=VARCHAR},
			CTIME= #{ctime,jdbcType=VARCHAR},
		    MTIME= #{mtime,jdbcType=VARCHAR},
			CONNECTOR = #{connector,jdbcType=VARCHAR},
			DISABLED  = #{disabled,jdbcType=VARCHAR}  where ID = #{id,jdbcType=VARCHAR}
	</update>


	<update id="updateAutokey" parameterType="map">

       update t_com_autokey  set
            module =  #{module,jdbcType=VARCHAR},
			model   = #{model,jdbcType=VARCHAR},
			ata   = #{ata,jdbcType=VARCHAR},
			rule  = #{rule,jdbcType=VARCHAR},
			prefix = #{prefix,jdbcType=VARCHAR},
			suffix = #{suffix,jdbcType=VARCHAR},
			seed  = #{seed,jdbcType=VARCHAR},
        curNo = #{curNo,jdbcType=VARCHAR},
			mtime= #{mtime,jdbcType=VARCHAR},
			connector = #{connector,jdbcType=VARCHAR},
			disabled  = #{disabled,jdbcType=VARCHAR}  where id = #{id,jdbcType=VARCHAR}
	</update>


	<delete id="deleteAutokey" parameterType="java.lang.String">

          DELETE  FROM   T_COM_AUTOKEY    WHERE ID = #{id,jdbcType=VARCHAR}

    </delete>


	<insert id="insertAutokey" parameterType="com.sfa.sfopen.autokey.domain.Autokey">

         insert into T_COM_AUTOKEY (ID,MODULE,NAME,RULE,PREFIX,SUFFIX,MODEL,ATA,SEED,CURNO,CTIME,MTIME,CONNECTOR,DISABLED)
         values

			 (#{id,jdbcType=VARCHAR}, #{module,jdbcType=VARCHAR}, #{name,jdbcType=VARCHAR},
			  #{rule,jdbcType=VARCHAR}, #{prefix,jdbcType=DECIMAL}, #{suffix,jdbcType=VARCHAR},
			  #{model,jdbcType=VARCHAR}, #{ata,jdbcType=VARCHAR}, #{seed,jdbcType=VARCHAR},
        #{curNo,jdbcType=VARCHAR}, #{ctime,jdbcType=DATE}, #{mtime,jdbcType=DATE},
			  #{connector,jdbcType=VARCHAR}, #{disabled,jdbcType=VARCHAR})

     </insert>

	<!--根据查询调教查询Autokey-->
	<select id="findAutokeyById"  parameterType="java.lang.String" resultMap="BaseResultMap">
	  	SELECT
				<include refid="Base_Column_List" />

				      FROM T_COM_AUTOKEY   WHERE  1 = 1

		                   and  id   = #{id,jdbcType=VARCHAR}
	</select>

















</mapper>