<?xml version="1.0" encoding="UTF-8"?>

<beans xmlns:dubbo="http://code.alibabatech.com/schema/dubbo"
  xmlns:xsi="http://www.w3.org/2001/XMLSchema-instance"
  xmlns="http://www.springframework.org/schema/beans"
  xsi:schemaLocation="http://www.springframework.org/schema/beans
	   http://www.springframework.org/schema/beans/spring-beans-2.5.xsd 
	   http://code.alibabatech.com/schema/dubbo 
	   http://code.alibabatech.com/schema/dubbo/dubbo.xsd
	   ">

  <dubbo:protocol accepts="500"
    contextpath="services"
    extension="com.alibaba.dubbo.rpc.protocol.rest.support.LoggingFilter,com.sf.exception.GlobalExceptionHandler"
    name="rest"
    port="8888"
    server="tomcat"
    threads="500"/>
  <bean class="com.sf.service.impl.DemoUserRestServiceImpl" id="demoUserRestServiceImpl"/>

  <dubbo:service document="demoUser" interface="com.sf.service.DemoUserRestService" protocol="rest"
    ref="demoUserRestServiceImpl"/>

  <bean class="com.sf.framework.plugins.mock.service.MockBaseCltInfoServiceImpl"
    id="mockBaseCltInfoService">
    <property name="pckPath" value="com.sf.service"/>
    <property name="contextPath" value="services"/>
  </bean>

  <dubbo:service interface="com.sf.framework.plugins.mock.service.MockBaseCltInfoService"
    protocol="rest" ref="mockBaseCltInfoService"/>

  <!-- 管控平台命令接收接口 -->
  <!--<bean id="grayCmdService" class="com.alibaba.dubbo.gray.service.impl.GrayCmdServiceImpl">
    <property name="url">
      <value>http://10.202.69.76:8080/gray/pullApplicationConfig/</value>
    </property>
  </bean>

  <dubbo:service  protocol="dubbo"  interface="com.alibaba.dubbo.gray.service.GrayCmdService" ref="grayCmdService" />
-->
</beans>
