<?xml version="1.0" encoding="UTF-8"?>
<beans xmlns:aop="http://www.springframework.org/schema/aop"
  xmlns:context="http://www.springframework.org/schema/context"
  xmlns:xsi="http://www.w3.org/2001/XMLSchema-instance"
  xmlns="http://www.springframework.org/schema/beans"
  xsi:schemaLocation="http://www.springframework.org/schema/beans http://www.springframework.org/schema/beans/spring-beans.xsd
	http://www.springframework.org/schema/context http://www.springframework.org/schema/context/spring-context.xsd
    http://www.springframework.org/schema/aop http://www.springframework.org/schema/aop/spring-aop.xsd">

  <context:component-scan base-package="com.sf"/>

  <!-- support message international -->
  <aop:aspectj-autoproxy/>

  <bean class="com.sf.framework.validate.ValidatorAspect">
    <property name="baseNames">
      <list>
        <value>message/template/message</value>
      </list>
    </property>
  </bean>

  <!-- 使用disconf必须添加以下配置 -->
  <bean class="com.baidu.disconf.client.DisconfMgrBean" destroy-method="destroy"
    id="disconfMgrBean">
    <property name="scanPackage" value="com.sf"/>
  </bean>
  <bean class="com.baidu.disconf.client.DisconfMgrBeanSecond" destroy-method="destroy"
    id="disconfMgrBean2" init-method="init">
  </bean>

  <!-- 使用托管方式的disconf配置(无代码侵入, 配置更改会自动reload),配置在这里会去配置中心下载对应的文件 -->
  <bean class="com.baidu.disconf.client.addons.properties.ReloadablePropertiesFactoryBean"
    id="configproperties_disconf">
    <property name="locations">
      <list>
        <!--多个动态配置配置在这里-->
        <value>classpath:system.properties</value>
        <value>classpath:jdbc.properties</value>
        <value>classpath:log4j2.xml</value>
        <value>classpath:kafka.properties</value>
      </list>
    </property>
  </bean>

  <bean class="com.baidu.disconf.client.addons.properties.ReloadingPropertyPlaceholderConfigurer"
    id="propertyConfigurer">
    <property name="ignoreResourceNotFound" value="true"/>
    <property name="ignoreUnresolvablePlaceholders" value="true"/>
    <property name="propertiesArray">
      <list>
        <ref bean="configproperties_disconf"/>
      </list>
    </property>
  </bean>

  <bean class="org.springframework.beans.factory.config.PropertyPlaceholderConfigurer"
    id="defaultProperty">
    <property name="locations">
      <list>
        <!--配置文件需要在spring采用占位符替换，则需要再次在这里加载配置-->
        <value>classpath:jdbc.properties</value>
        <value>classpath:redis.properties</value>
        <value>classpath:kafka.properties</value>
      </list>
    </property>
  </bean>


  <!--	<bean id="log4jInitialization" class="org.springframework.beans.factory.config.MethodInvokingFactoryBean">
           <property name="targetClass" value="org.springframework.util.Log4jConfigurer" />
           <property name="targetMethod" value="initLogging" />
           <property name="arguments">
               <list>
                   <value>classpath:log4j.xml</value>
                   <value>60000</value>
               </list>
           </property>
       </bean>-->

</beans>