<!-- - Copyright 1999-2011 Alibaba Group. - - Licensed under the Apache License, 
	Version 2.0 (the "License"); - you may not use this file except in compliance 
	with the License. - You may obtain a copy of the License at - - http://www.apache.org/licenses/LICENSE-2.0 
	- - Unless required by applicable law or agreed to in writing, software - 
	distributed under the License is distributed on an "AS IS" BASIS, - WITHOUT 
	WARRANTIES OR CONDITIONS OF ANY KIND, either express or implied. - See the 
	License for the specific language governing permissions and - limitations 
	under the License. -->
<assembly>
	<id>sit</id>
	<formats>
		<format>war</format>
	</formats>
	<includeBaseDirectory>false</includeBaseDirectory>
	<fileSets>
		<fileSet>
			<directory>src/main/webapp</directory>
			<outputDirectory>/</outputDirectory>
		</fileSet>
		<fileSet>
			<directory>target/classes</directory>
			<excludes>
				<exclude>**/sys.properties</exclude>
				<exclude>**/logback-test.xml</exclude>
				<exclude>**/jdbc.properties</exclude>
				<exclude>**/disconf.properties</exclude>
			</excludes>
			<outputDirectory>/WEB-INF/classes</outputDirectory>
		</fileSet>
		<fileSet>
			<directory>src/main/assembly/sit/resources</directory>
			<outputDirectory>WEB-INF/classes</outputDirectory>
		</fileSet>
	</fileSets>
	<dependencySets>
		<dependencySet>
			<useProjectArtifact>false</useProjectArtifact>
			<outputDirectory>WEB-INF/lib</outputDirectory>
		</dependencySet>
	</dependencySets>
</assembly>