<?xml version="1.0" encoding="UTF-8"?>
<beans xmlns:xsi="http://www.w3.org/2001/XMLSchema-instance"
  xmlns="http://www.springframework.org/schema/beans"
  xsi:schemaLocation="http://www.springframework.org/schema/beans http://www.springframework.org/schema/beans/spring-beans.xsd">

  <bean class="com.alibaba.druid.pool.DruidDataSource" destroy-method="close" id="dataSource">
    <property name="filters" value="config"/>
    <property name="connectProperties" value="config.decrypt=true"/>
    <property name="driverClassName" value="com.mysql.jdbc.Driver"/>
    <property name="url" value="${mysql.jdbc.url}"/>
    <property name="username" value="${mysql.jdbc.username}"/>
    <property name="password" value="${mysql.jdbc.password}"/>

    <property name="maxActive" value="${maxActive}"/>
    <property name="initialSize" value="${initialSize}"/>
    <property name="maxWait" value="${maxWait}"/>
    <property name="minIdle" value="${minIdle}"/>

    <property name="validationQuery" value="${validationQuery}"/>
    <property name="testWhileIdle" value="${testWhileIdle}"/>
    <property name="testOnBorrow" value="${testOnBorrow}"/>
    <property name="testOnReturn" value="${testOnReturn}"/>
    <!-- 配置连接闲置时间，单位是毫秒  申请连接时检查连接是否闲置超时时用到该参数 -->
    <property name="timeBetweenEvictionRunsMillis" value="${timeBetweenEvictionRunsMillis}"/>
    <!-- 配置一个连接在池中最小生存的时间，单位是毫秒 -->
    <property name="minEvictableIdleTimeMillis" value="${minEvictableIdleTimeMillis}"/>

  </bean>

  <bean class="org.mybatis.spring.SqlSessionFactoryBean" id="sqlSessionFactory">
    <property name="configLocation" value="classpath:/META-INF/mybatis-config.xml"/>
    <property name="mapperLocations" value="classpath*:/sqlmap/db/**/*Mapper.xml"/>
    <property name="dataSource" ref="dataSource"/>
  </bean>

  <!-- ScanMapperFiles -->
  <bean class="org.mybatis.spring.mapper.MapperScannerConfigurer">
    <property name="basePackage" value="com.sf.provider.mapper"/>
    <property name="sqlSessionFactoryBeanName" value="sqlSessionFactory"/>
  </bean>

</beans>