<assembly>
  <id>assembly-${env.devMode}</id>
  <formats>
    <format>zip</format>
  </formats>
  <includeBaseDirectory>false</includeBaseDirectory>
  <fileSets>
    <fileSet>
      <directory>${project.build.directory}/dubbo/META-INF/assembly/bin</directory>
      <outputDirectory>bin</outputDirectory>
      <directoryMode>0755</directoryMode>
      <fileMode>0755</fileMode>
    </fileSet>
    <fileSet>
      <directory>src/main/assembly/conf</directory>
      <outputDirectory>conf</outputDirectory>
      <directoryMode>0744</directoryMode>
      <fileMode>0644</fileMode>
    </fileSet>
    <fileSet>
      <directory>lib</directory>
      <outputDirectory>lib</outputDirectory>
      <directoryMode>0744</directoryMode>
      <fileMode>0644</fileMode>
    </fileSet>
  </fileSets>
  <dependencySets>
    <dependencySet>
      <outputDirectory>lib</outputDirectory>
    </dependencySet>
  </dependencySets>
</assembly>