<?xml version="1.0" encoding="UTF-8"?>
<configuration monitorInterval="60">
  <properties>
    <property name="logpath">./logs</property>
  </properties>
  <appenders>
    <!--####################################-->
    <!--# catalina\u8f93\u51fa(\u65b9\u4fbf\u5f00\u53d1\u8c03\u8bd5\u7528)-->
    <!--####################################-->
    <Console name="console" target="SYSTEM_OUT">
      <!--<PatternLayout pattern="${pattern}"/>-->
      <SFPatternLayout/>
    </Console>
    <!--####################################-->
    <!--# SF.TRACE\u65e5\u5fd7(\u6309\u5929\u4fdd\u5b58,\u6700\u591a\u4fdd\u75593\u5929)-->
    <!--####################################-->
    <RollingRandomAccessFile name="SF.TRACE" immediateFlush="true" bufferSize="1024" fileName="${logpath}/trace.log" filePattern="${logpath}/trace.log.%d{yyyy-MM-dd}.gz">
      <SFPatternLayout/>
      <TimeBasedTriggeringPolicy/>
      <DefaultRolloverStrategy>
        <Delete basePath="${logpath}" maxDepth="2">
          <IfFileName glob="trace.log.*.gz"/>
          <IfLastModified age="3d"/>
        </Delete>
      </DefaultRolloverStrategy>
    </RollingRandomAccessFile>
    <RollingRandomAccessFile name="SF.SYSTEM" immediateFlush="true" bufferSize="4096"
      fileName="${logpath}/system.log"
      filePattern="${logpath}/system.log.%d{yyyy-MM-dd}.gz"
      ignoreExceptions="false">
      <SFPatternLayout/>
      <Filters>
        <ThresholdFilter level="TRACE" onMatch="ACCEPT" onMismatch="DENY"/>
        <ThresholdFilter level="DEBUG" onMatch="ACCEPT" onMismatch="DENY"/>
        <ThresholdFilter level="INFO" onMatch="ACCEPT" onMismatch="DENY"/>
      </Filters>
      <TimeBasedTriggeringPolicy/>
      <DefaultRolloverStrategy>
        <Delete basePath="${logpath}" maxDepth="2">
          <IfFileName glob="system.log.*.gz"/>
          <IfLastModified age="7d"/>
        </Delete>
      </DefaultRolloverStrategy>
    </RollingRandomAccessFile>
    <RollingRandomAccessFile name="SF.ERROR" immediateFlush="true" bufferSize="4096"
      fileName="${logpath}/error.log"
      filePattern="${logpath}/error.log.%d{yyyy-MM-dd}.gz"
      ignoreExceptions="false">
      <SFPatternLayout/>
      <Filters>
        <ThresholdFilter level="ERROR" onMatch="ACCEPT" onMismatch="DENY"/>
      </Filters>
      <TimeBasedTriggeringPolicy/>
      <DefaultRolloverStrategy>
        <Delete basePath="${logpath}" maxDepth="2">
          <IfFileName glob="error.log.*.gz"/>
          <IfLastModified age="7d"/>
        </Delete>
      </DefaultRolloverStrategy>
    </RollingRandomAccessFile>
    <RollingRandomAccessFile name="SF.AUDIT" immediateFlush="false" bufferSize="8192"
      fileName="${logpath}/audit.log"
      filePattern="${logpath}/audit.log.%d{yyyy-MM-dd}.gz"
      ignoreExceptions="false">
      <SFPatternLayout/>
      <Filters>
        <ThresholdFilter level="WARN" onMatch="ACCEPT" onMismatch="DENY"/>
      </Filters>
      <TimeBasedTriggeringPolicy/>
      <DefaultRolloverStrategy>
        <Delete basePath="${logpath}" maxDepth="2">
          <IfFileName glob="audit.log.*.gz"/>
          <IfLastModified age="7d"/>
        </Delete>
      </DefaultRolloverStrategy>
    </RollingRandomAccessFile>
    <RollingRandomAccessFile name="SF.POOL" immediateFlush="true" bufferSize="1024"
      fileName="${logpath}/pool.log"
      filePattern="${logpath}/pool.log.%d{yyyy-MM-dd}.gz"
      ignoreExceptions="false">
      <SFPatternLayout/>
      <TimeBasedTriggeringPolicy/>
      <DefaultRolloverStrategy>
        <Delete basePath="${logpath}" maxDepth="2">
          <IfFileName glob="pool.log.*.gz"/>
          <IfLastModified age="3d"/>
        </Delete>
      </DefaultRolloverStrategy>
    </RollingRandomAccessFile>
    <RollingRandomAccessFile name="SF.MONITOR" immediateFlush="true" bufferSize="1024"
      fileName="${logpath}/monitor.log"
      filePattern="${logpath}/pool.log.%d{yyyy-MM-dd}.gz"
      ignoreExceptions="false">
      <SFPatternLayout/>
      <TimeBasedTriggeringPolicy/>
      <DefaultRolloverStrategy>
        <Delete basePath="${logpath}" maxDepth="2">
          <IfFileName glob="pool.log.*.gz"/>
          <IfLastModified age="3d"/>
        </Delete>
      </DefaultRolloverStrategy>
    </RollingRandomAccessFile>
    <RollingRandomAccessFile name="SF.BIZ" immediateFlush="true"
      fileName="${logpath}/biz.log"
      filePattern="${logpath}/biz.log.%d{yyyy-MM-dd}.gz"
      ignoreExceptions="false">
      <SFPatternLayout/>
      <TimeBasedTriggeringPolicy/>
      <DefaultRolloverStrategy>
        <Delete basePath="${logpath}" maxDepth="2">
          <IfFileName glob="biz.log.*.gz"/>
          <IfLastModified age="7d"/>
        </Delete>
      </DefaultRolloverStrategy>
    </RollingRandomAccessFile>
  </appenders>
  <loggers>
    <!--<Logger additivity="false" name="com.sf.framework.plugins.trace" level="INFO">-->
    <Logger additivity="false" name="SF.TRACE" level="INFO">
      <AppenderRef ref="SF.TRACE"/>
    </Logger>
    <Logger additivity="false" name="SF.SYSTEM" level="INFO">
      <AppenderRef ref="SF.SYSTEM"/>
      <AppenderRef ref="SF.ERROR"/>
    </Logger>
    <Logger additivity="false" name="SF.BIZ" level="INFO">
      <AppenderRef ref="SF.BIZ"/>
    </Logger>
    <Logger additivity="false" name="org.apache" level="ERROR">
      <AppenderRef ref="console"/>
    </Logger>
    <Logger additivity="false"
      name="com.alibaba.dubbo.common.threadpool.monitor.MonitorPoolRunnable" level="INFO">
      <AppenderRef ref="SF.POOL"/>
    </Logger>
    <Logger additivity="false" name="com.alibaba.dubbo.monitor.dubbo.sfextend.SfMonitorExtend"
      level="INFO">
      <AppenderRef ref="SF.MONITOR"/>
    </Logger>
    <!--\u9488\u5bf9,request\u4ee5\u53careponse\u7684\u4fe1\u606f\u914d\u7f6e\u8f93\u51fa\u7ea7\u522b,\u751f\u4ea7\u7ebf\u8bf7\u914d\u7f6e\u4e3aerror-->
    <Logger additivity="false" name="com.alibaba.dubbo.rpc.protocol.rest.support" level="WARN">
      <AppenderRef ref="console"/>
    </Logger>
    <!-- \u5728\u5f00\u53d1\u548c\u6d4b\u8bd5\u73af\u5883\u542f\u7528,\u8f93\u51fasql -->
    <Logger additivity="false" name="com.sf.sfim.microservice.mapper" level="trace">
    </Logger>
    <Root level="INFO" includeLocation="true">
      <!--\u5f00\u53d1\u8fc7\u7a0b\u53ef\u4ee5\u5f00\u542f,\u751f\u4ea7\u8981\u6c42\u5c4f\u853d-->
         <!--\u5f00\u53d1\u8fc7\u7a0b\u53ef\u4ee5\u5f00\u542f,\u751f\u4ea7\u8981\u6c42\u5c4f\u853d-->
      <AppenderRef ref="console"/>
      <AppenderRef ref="SF.SYSTEM"/>

      <AppenderRef ref="SF.ERROR"/>
    </Root>
  </loggers>
</configuration>