<?xml version="1.0" encoding="UTF-8"?>
<!DOCTYPE module PUBLIC "-//Puppy Crawl//DTD Check Configuration 1.3//EN"
  "http://www.puppycrawl.com/dtds/configuration_1_3.dtd">

<!--
    This configuration file was written by the eclipse-cs plugin configuration editor
-->
<!--
    Checkstyle-Configuration: sf-checkstyle
    Description: none
-->
<module name="Checker">
  <property name="severity" value="warning"/>
  <module name="TreeWalker">
    <property name="tabWidth" value="4"/>
    <module name="ConstantName">
      <property name="format" value="^[A-Za-z]+[_a-zA-Z0-9]*$"/>
    </module>
    <module name="LocalFinalVariableName">
      <property name="format" value="^[a-z]*[_A-Za-z0-9]*$"/>
    </module>
    <module name="LocalVariableName">
      <property name="format" value="^[a-z]*[_A-Za-z0-9]*$"/>
    </module>
    <module name="MemberName">
      <property name="format" value="^[a-z]+[_A-Za-z0-9]*$"/>
    </module>
    <module name="MethodName">
      <property name="format" value="^[a-z]*[_A-Za-z0-9]*$"/>
    </module>
    <module name="PackageName"/>
    <module name="ParameterName">
      <property name="format" value="^[a-z]+[_A-Za-z0-9]*$"/>
    </module>
    <module name="StaticVariableName">
      <property name="format" value="^[a-zA-Z]*(_[A-Za-z0-9]+)*$"/>
    </module>
    <module name="TypeName">
      <property name="format" value="^[a-zA-Z]+[_A-Za-z0-9]*$"/>
    </module>
    <module name="AvoidStarImport">
      <property name="allowStaticMemberImports" value="true"/>
    </module>
    <module name="RedundantImport"/>
    <module name="UnusedImports"/>
    <module name="LineLength">
      <property name="ignorePattern" value="^ *\* *[^ ]+$"/>
      <property name="max" value="200"/>
    </module>
    <module name="MethodLength"/>
    <module name="ExecutableStatementCount">
      <property name="max" value="200"/>
      <property name="tokens" value="CTOR_DEF,METHOD_DEF"/>
    </module>
    <module name="ParameterNumber">
      <property name="max" value="6"/>
    </module>
    <module name="GenericWhitespace"/>
    <module name="MethodParamPad"/>
    <module name="NoWhitespaceAfter">
      <property name="allowLineBreaks" value="false"/>
      <property name="tokens" value="BNOT,DEC,DOT,INC,LNOT,UNARY_MINUS,UNARY_PLUS"/>
    </module>
    <module name="NoWhitespaceBefore"/>
    <module name="OperatorWrap"/>
    <module name="ParenPad"/>
    <module name="TypecastParenPad"/>
    <module name="RedundantModifier"/>
    <module name="AvoidNestedBlocks"/>
    <module name="EmptyBlock"/>
    <module name="LeftCurly"/>
    <module name="NeedBraces"/>
    <module name="RightCurly"/>
    <module name="ArrayTrailingComma"/>
    <module name="CovariantEquals"/>
    <module name="EmptyStatement"/>
    <module name="EqualsHashCode"/>
    <module name="IllegalInstantiation"/>
    <module name="InnerAssignment"/>
    <module name="MissingSwitchDefault"/>
    <module name="RedundantThrows">
      <property name="allowUnchecked" value="true"/>
      <property name="allowSubclasses" value="true"/>
    </module>
    <module name="SimplifyBooleanExpression"/>
    <module name="SimplifyBooleanReturn"/>
    <module name="StringLiteralEquality"/>
    <module name="NestedForDepth">
      <property name="max" value="3"/>
    </module>
    <module name="NestedIfDepth">
      <property name="max" value="3"/>
    </module>
    <module name="SuperClone"/>
    <module name="SuperFinalize"/>
    <module name="PackageDeclaration"/>
    <module name="ParameterAssignment"/>
    <module name="OneStatementPerLine"/>
    <module name="FinalClass"/>
    <module name="HideUtilityClassConstructor">
      <property name="severity" value="ignore"/>
      <metadata name="net.sf.eclipsecs.core.lastEnabledSeverity" value="inherit"/>
    </module>
    <module name="VisibilityModifier">
      <property name="severity" value="ignore"/>
      <metadata name="net.sf.eclipsecs.core.lastEnabledSeverity" value="inherit"/>
    </module>
    <module name="ArrayTypeStyle"/>
    <module name="TodoComment"/>
    <module name="UpperEll"/>
    <module name="ClassDataAbstractionCoupling">
      <property name="max" value="80"/>
    </module>
    <module name="ClassFanOutComplexity">
      <property name="max" value="80"/>
    </module>
    <module name="CyclomaticComplexity">
      <property name="max" value="80"/>
    </module>
    <module name="JavaNCSS">
      <property name="methodMaximum" value="180"/>
    </module>
    <module name="LocalFinalVariableName">
      <property name="format" value="^[a-zA-Z]+[_A-Za-z0-9]*$"/>
    </module>
    <module name="LocalVariableName">
      <property name="format" value="^[a-z]+[_A-Za-z0-9]*$"/>
    </module>
    <module name="LocalVariableName">
      <property name="format" value="^[a-z]+[_A-Za-z0-9]*$"/>
    </module>
    <module name="LocalVariableName">
      <property name="format" value="^[a-z]+[_A-Za-z0-9]*$"/>
    </module>
    <module name="ThrowsCount">
      <property name="max" value="3"/>
    </module>
  </module>
  <module name="FileLength">
    <property name="max" value="1200"/>
  </module>
  <module name="RegexpMultiline">
    <property name="format" value="System\.(out)|(err)\.print(ln)?\("/>
    <property name="message" value="Do not use sysouts"/>
  </module>
  <module name="RegexpMultiline">
    <property name="format" value="System\.exit?\("/>
    <property name="message" value="Do not use System.exit"/>
  </module>
</module>
