<?xml version="1.0" encoding="UTF-8"?>
<!DOCTYPE mapper PUBLIC "-//mybatis.org//DTD Mapper 3.0//EN" "http://mybatis.org/dtd/mybatis-3-mapper.dtd">
<mapper namespace="com.sf.erui.mapper.system.SuperMapper">

	<!-- -->
	<select id="query" parameterType="map" resultType="map">
		<choose>
			<when test="model == 'testDemo'">
			SELECT
			id,name,region,date1,date2,delivery, type,resource,desc1 FROM
			TestDemo where 1=1 
			 <if test="name != null">
			    	and name like '%' || #{name,jdbcType=VARCHAR}  || '%'      <!--  concat('%',#{name,jdbcType=VARCHAR},'%')  -->
			 </if>
			 <if test="region != null">
			    	and region like '%' || #{region,jdbcType=VARCHAR}  || '%' <!--  concat('%',#{region,jdbcType=VARCHAR},'%')  -->
			 </if>
			 </when>
			 <when test="model == 'testDemo2'">
				SELECT
				id,name,region,date1,date2,delivery, type,resource,desc1 FROM
				testDemo2 where 1=1 
				 <if test="name != null">
				    	and name like '%' || #{name,jdbcType=VARCHAR}  || '%'      <!--  concat('%',#{name,jdbcType=VARCHAR},'%')  -->
				 </if>
				 <if test="region != null">
				    	and region like '%' || #{region,jdbcType=VARCHAR}  || '%' <!--  concat('%',#{region,jdbcType=VARCHAR},'%')  -->
				 </if>
			 </when>
		 </choose>
	</select> 

	<insert id="insert" parameterType="map" keyProperty="id">
		<choose>
			<when test="model == 'testDemo'">
				insert into TestDemo
				(name,region,date1,date2,delivery,type,resource,desc1)
				values (
				#{name,jdbcType=VARCHAR},
				#{region,jdbcType=VARCHAR},
				#{date1,jdbcType=VARCHAR},
				#{date2,jdbcType=VARCHAR},
				#{delivery,jdbcType=VARCHAR},
				#{type,jdbcType=VARCHAR},
				#{resource,jdbcType=VARCHAR},
				#{desc1,jdbcType=VARCHAR}
				)
			</when>
			<when test="model == 'testDemo2'">
				insert into testDemo2
				(name,region,date1,date2,delivery,type,resource,desc1)
				values (
				#{name,jdbcType=VARCHAR},
				#{region,jdbcType=VARCHAR},
				#{date1,jdbcType=VARCHAR},
				#{date2,jdbcType=VARCHAR},
				#{delivery,jdbcType=VARCHAR},
				#{type,jdbcType=VARCHAR},
				#{resource,jdbcType=VARCHAR},
				#{desc1,jdbcType=VARCHAR}
				)
			</when>
		</choose>

	</insert>


	<update id="update" parameterType="map">
		<choose>
			<when test="model == 'testDemo'">
				update TestDemo
				set update_tm = now()
				<if test="name != null">
					, name = #{name,jdbcType=VARCHAR}
				</if>
				<if test="region != null">
					, region= #{region,jdbcType=VARCHAR}
				</if>
				<if test="date1 != null">
					, date1 = #{date1,jdbcType=VARCHAR}
				</if>
				<if test="date2 != null">
					,date2= #{date2,jdbcType=VARCHAR}
				</if>
				<if test="delivery != null">
					,delivery= #{delivery,jdbcType=VARCHAR}
				</if>
				<if test="type != null">
					, type = #{type,jdbcType=VARCHAR}
				</if>
				<if test="resource != null">
					,resource= #{resource,jdbcType=VARCHAR}
				</if>
				<if test="desc1 != null">
					, desc1= #{desc1,jdbcType=VARCHAR}
				</if>
		
				where id = #{id,jdbcType=BIGINT}
			</when>
			<when test="model == 'testDemo2'">
				update testDemo2
				set update_tm = now()
				<if test="name != null">
					, name = #{name,jdbcType=VARCHAR}
				</if>
				<if test="region != null">
					, region= #{region,jdbcType=VARCHAR}
				</if>
				<if test="date1 != null">
					, date1 = #{date1,jdbcType=VARCHAR}
				</if>
				<if test="date2 != null">
					,date2= #{date2,jdbcType=VARCHAR}
				</if>
				<if test="delivery != null">
					,delivery= #{delivery,jdbcType=VARCHAR}
				</if>
				<if test="type != null">
					, type = #{type,jdbcType=VARCHAR}
				</if>
				<if test="resource != null">
					,resource= #{resource,jdbcType=VARCHAR}
				</if>
				<if test="desc1 != null">
					, desc1= #{desc1,jdbcType=VARCHAR}
				</if>
		
				where id = #{id,jdbcType=BIGINT}
			</when>
		</choose>
	</update>

	<delete id="delete" parameterType="map">
		<choose>
			<when test="model == 'testDemo'">
				delete from TestDemo
				where id = #{id,jdbcType=BIGINT}
			</when>
			<when test="model == 'testDemo2'">
				delete from testDemo2
				where id = #{id,jdbcType=BIGINT}
			</when>
		</choose>
	</delete>


</mapper>