<?xml version="1.0" encoding="UTF-8"?>
<!DOCTYPE mapper PUBLIC "-//mybatis.org//DTD Mapper 3.0//EN" "http://mybatis.org/dtd/mybatis-3-mapper.dtd">
<mapper namespace="com.sfa.sfopen.qrcode.mapper.QrCodeMapper">
    <resultMap id="BaseResultMap" type="com.sfa.sfopen.qrcode.domain.QrCode">
        <result column="ENTITY_ID" jdbcType="CHAR" property="entityId"/>
        <result column="QRCODE" jdbcType="VARCHAR" property="qrcode"/>
    </resultMap>
    <sql id="Example_Where_Clause">
        <where>
            <foreach collection="oredCriteria" item="criteria" separator="or">
                <if test="criteria.valid">
                    <trim prefix="(" prefixOverrides="and" suffix=")">QrCodeMapper.xml
                        <foreach collection="criteria.criteria" item="criterion">
                            <choose>
                                <when test="criterion.noValue">
                                    and ${criterion.condition}
                                </when>
                                <when test="criterion.singleValue">
                                    and ${criterion.condition} #{criterion.value}
                                </when>
                                <when test="criterion.betweenValue">
                                    and ${criterion.condition} #{criterion.value} and #{criterion.secondValue}
                                </when>
                                <when test="criterion.listValue">
                                    and ${criterion.condition}
                                    <foreach close=")" collection="criterion.value" item="listItem" open="("
                                             separator=",">
                                        #{listItem}
                                    </foreach>
                                </when>
                            </choose>
                        </foreach>
                    </trim>
                </if>
            </foreach>
        </where>
    </sql>
    <sql id="Update_By_Example_Where_Clause">
        <where>
            <foreach collection="example.oredCriteria" item="criteria" separator="or">
                <if test="criteria.valid">
                    <trim prefix="(" prefixOverrides="and" suffix=")">
                        <foreach collection="criteria.criteria" item="criterion">
                            <choose>
                                <when test="criterion.noValue">
                                    and ${criterion.condition}
                                </when>
                                <when test="criterion.singleValue">
                                    and ${criterion.condition} #{criterion.value}
                                </when>
                                <when test="criterion.betweenValue">
                                    and ${criterion.condition} #{criterion.value} and #{criterion.secondValue}
                                </when>
                                <when test="criterion.listValue">
                                    and ${criterion.condition}
                                    <foreach close=")" collection="criterion.value" item="listItem" open="("
                                             separator=",">
                                        #{listItem}
                                    </foreach>
                                </when>
                            </choose>
                        </foreach>
                    </trim>
                </if>
            </foreach>
        </where>
    </sql>
    <sql id="Base_Column_List">
    ENTITY_ID,QRCODE
  </sql>
    <select id="selectByExampleWithBLOBs" parameterType="com.sfa.sfopen.qrcode.domain.QrCodeExample"
            resultMap="BaseResultMap">
        <if test="limit != null">
            SELECT * FROM (SELECT rownum AS rn_, this_.* from (
        </if>
        select
        <if test="distinct">
            distinct
        </if>
        'true' as QUERYID,
        <include refid="Base_Column_List"/>
        from T_ASMS_QRCODE
        <if test="_parameter != null">
            <include refid="Example_Where_Clause"/>
        </if>
        <if test="orderByClause != null">
            order by ${orderByClause}
        </if>
        <if test="limit != null">
            ) this_ where rownum &lt;= ${limit} ) where rn_ >= ${offset}
        </if>
    </select>
    <select id="selectByExample" parameterType="com.sfa.sfopen.qrcode.domain.QrCodeExample" resultMap="BaseResultMap">
        <if test="limit != null">
            SELECT * FROM (SELECT rownum AS rn_, this_.* from (
        </if>
        select
        <if test="distinct">
            distinct
        </if>
        'true' as QUERYID,
        <include refid="Base_Column_List"/>
        from T_ASMS_QRCODE
        <if test="_parameter != null">
            <include refid="Example_Where_Clause"/>
        </if>
        <if test="orderByClause != null">
            order by ${orderByClause}
        </if>
        <if test="limit != null">
            ) this_ where rownum &lt;= ${limit} ) where rn_ >= ${offset}
        </if>
    </select>
    <delete id="deleteByExample" parameterType="com.sfa.sfopen.qrcode.domain.QrCodeExample">
        delete from T_ASMS_QRCODE
        <if test="_parameter != null">
            <include refid="Example_Where_Clause"/>
        </if>
    </delete>
    <insert id="insert" parameterType="com.sfa.sfopen.qrcode.domain.QrCode">
    insert into T_ASMS_QRCODE (ENTITY_ID, QRCODE)
    values (#{entityId,jdbcType=CHAR}, #{qrcode,jdbcType=VARCHAR})
  </insert>
    <insert id="insertSelective" parameterType="com.sfa.sfopen.qrcode.domain.QrCode">
        insert into T_ASMS_QRCODE
        <trim prefix="(" suffix=")" suffixOverrides=",">
            <if test="entityId != null">
                ENTITY_ID,
            </if>
            <if test="qrcode != null">
                QRCODE,
            </if>
        </trim>
        <trim prefix="values (" suffix=")" suffixOverrides=",">
            <if test="entityId != null">
                #{entityId,jdbcType=CHAR},
            </if>
            <if test="qrcode != null">
                #{qrcode,jdbcType=VARCHAR},
            </if>
        </trim>
    </insert>
    <select id="countByExample" parameterType="com.sfa.sfopen.qrcode.domain.QrCodeExample" resultType="java.lang.Long">
        select count(*) from T_ASMS_QRCODE
        <if test="_parameter != null">
            <include refid="Example_Where_Clause"/>
        </if>
    </select>
    <update id="updateByExampleSelective" parameterType="map">
        update T_ASMS_QRCODE
        <set>
            <if test="record.entityId != null">
                ENTITY_ID = #{record.entityId,jdbcType=CHAR},
            </if>
            <if test="record.qrcode != null">
                QRCODE = #{record.qrcode,jdbcType=VARCHAR},
            </if>
        </set>
        <if test="_parameter != null">
            <include refid="Update_By_Example_Where_Clause"/>
        </if>
    </update>
    <update id="updateByExampleWithVARCHARs" parameterType="map">
        update T_ASMS_QRCODE
        set ENTITY_ID = #{record.entityId,jdbcType=CHAR},
        QRCODE = #{record.qrcode,jdbcType=VARCHAR}
        <if test="_parameter != null">
            <include refid="Update_By_Example_Where_Clause"/>
        </if>
    </update>
    <update id="updateByExample" parameterType="map">
        update T_ASMS_QRCODE
        set ENTITY_ID = #{record.entityId,jdbcType=CHAR}
        <if test="_parameter != null">
            <include refid="Update_By_Example_Where_Clause"/>
        </if>
    </update>


    <select id="queryQrCodeByEntityId" parameterType="java.lang.String" resultMap="BaseResultMap">

      SELECT a.*
    from T_ASMS_QRCODE a
    where  ENTITY_ID = #{entityId,jdbcType=CHAR}

  </select>


</mapper>