<?xml  version="1.0" encoding="UTF-8"?>
<!--
  ~ Copyright (c) 2018-2020 SF Airlines Co., Ltd. All rights reserved.
  ~ 本文件仅限于顺丰航空有限公司内部传阅，禁止外泄以及用于其他的商业目的。
  ~ @Author 刘志(667096)
  -->

<beans xmlns="http://www.springframework.org/schema/beans"
       xmlns:xsi="http://www.w3.org/2001/XMLSchema-instance"
       xmlns:aop="http://www.springframework.org/schema/aop"
       xmlns:context="http://www.springframework.org/schema/context"
       xmlns:mvc="http://www.springframework.org/schema/mvc"
       xsi:schemaLocation="http://www.springframework.org/schema/context http://www.springframework.org/schema/context/spring-context.xsd
       http://www.springframework.org/schema/beans http://www.springframework.org/schema/beans/spring-beans.xsd
       http://www.springframework.org/schema/aop http://www.springframework.org/schema/aop/spring-aop.xsd
       http://www.springframework.org/schema/mvc http://www.springframework.org/schema/mvc/spring-mvc.xsd">

    <context:component-scan base-package="com.sf.erui"/>
    <context:component-scan base-package="com.sfa.sfopen"/>
    <context:component-scan base-package="com.sfa.*.aop"/>

    <!--通知spring使用cglib而不是jdk的来生成代理方法 AOP可以拦截到Controller -->
    <aop:aspectj-autoproxy proxy-target-class="true"/>

    <!-- open开头的配置文件属于框架默认的配置，可以移除自己添加 -->
    <import resource="classpath:conf/open-default.xml"/>

    <mvc:resources mapping="/static/**" location="/static/"/>
    <mvc:resources mapping="/module/**" location="/module/"/>
    <mvc:resources mapping="/error/**" location="/error/"/>
    <mvc:resources mapping="/img/**" location="/img/"/>
    <mvc:resources mapping="/login/**" location="/login/"/>
    <mvc:resources mapping="/pub/**" location="file:///D:/app/mydist/"/>
    <!-- 添加Swagger及UI支持 -->
    <bean class="com.sf.erui.swagger2.SwaggerConfig"/>
    <mvc:resources location="classpath:/META-INF/resources/" mapping="swagger-ui.html"/>
    <mvc:resources location="classpath:/META-INF/resources/webjars/" mapping="/webjars/**"/>

    <mvc:interceptors>
        <!-- 使用bean定义一个Interceptor，直接定义在mvc:interceptors根下面的Interceptor将拦截所有的请求 -->
        <mvc:interceptor>
            <mvc:mapping path="/**"/>
            <!-- 需排除拦截的地址 -->
            <mvc:exclude-mapping path="/"/>
            <!-- 定义在mvc:interceptor下面的表示是对特定的请求才进行拦截的 -->
            <bean class="com.sf.erui.web.interceptor.AuthorizationInterceptor"/>
        </mvc:interceptor>
        <mvc:interceptor>
            <mvc:mapping path="/**"/>
            <!-- 需排除拦截的地址 -->
            <mvc:exclude-mapping path="/"/>
            <!-- 定义在mvc:interceptor下面的表示是对特定的请求才进行拦截的 -->
            <bean class="com.sf.erui.web.interceptor.TracingHandlerInterceptor"/>
        </mvc:interceptor>
    </mvc:interceptors>


    <!-- 文件上传相关 解析器 -->
    <bean id="multipartResolver"
          class="org.springframework.web.multipart.commons.CommonsMultipartResolver">
        <!--one of the properties available;the maximum upload size in bytes 200M 209715200-->
        <property name="maxUploadSize" value="209715200"/>
        <!--延迟解析文件,使异常可以被处理-->
        <property name="resolveLazily" value="true"/>
    </bean>

    <!-- 控制器异常处理 -->
    <bean id="handlerExceptionResolver" class="com.sf.erui.common.interceptor.SfopenExceptionResolver">
        <property name="messageConverters">
            <list>
                <!-- 对声明@ResponseBody -->
                <ref bean="fastJsonHttpMessageConverter"/>

                <!-- StringHttpMessageConverter编码为UTF-8，防止乱码 -->
                <ref bean="stringHttpMessageConverter"/>
            </list>
        </property>
        <property name="exceptionMappings">
            <list>
                <!-- 框架会自动捕获指定的异常类，并返回异常类的 getMessage()的提示信息 -->
                <bean class="com.sf.erui.common.exception.SfopenRuntimeException"/>
                <!-- 可以根据业务需求添加多个 ,没有的指定的异常类默认都提示系统异常 -->
            </list>
        </property>
    </bean>
</beans>
