<?xml version="1.0" encoding="UTF-8"?>
<!DOCTYPE mapper PUBLIC "-//mybatis.org//DTD Mapper 3.0//EN"
  "http://mybatis.org/dtd/mybatis-3-mapper.dtd">
<mapper namespace="com.sf.provider.mapper.DemoUserMapper">

  <resultMap id="BaseResultMap" type="com.sf.provider.model.DemoUser">
    <id column="id" jdbcType="INTEGER" property="id"/>
    <result column="code" jdbcType="VARCHAR" property="code"/>
    <result column="name" jdbcType="VARCHAR" property="name"/>
    <result column="description" jdbcType="VARCHAR" property="description"/>
    <result column="comment" jdbcType="VARCHAR" property="comment"/>
  </resultMap>

  <sql id="Example_Where_Clause">
    <where>
      <foreach collection="oredCriteria" item="criteria" separator="or">
        <if test="criteria.valid">
          <trim prefix="(" prefixOverrides="and" suffix=")">
            <foreach collection="criteria.criteria" item="criterion">
              <choose>
                <when test="criterion.noValue">
                  and ${criterion.condition}
                </when>
                <when test="criterion.singleValue">
                  and ${criterion.condition} #{criterion.value}
                </when>
                <when test="criterion.betweenValue">
                  and ${criterion.condition} #{criterion.value} and #{criterion.secondValue}
                </when>
                <when test="criterion.listValue">
                  and ${criterion.condition}
                  <foreach close=")" collection="criterion.value" item="listItem" open="("
                    separator=",">
                    #{listItem}
                  </foreach>
                </when>
              </choose>
            </foreach>
          </trim>
        </if>
      </foreach>
    </where>
  </sql>

  <sql id="Base_Column_List">
    id, code, name, description, comment
  </sql>

  <select id="selectByExample" parameterType="com.sf.provider.model.DemoUserExample"
    resultMap="BaseResultMap">
    select
    <if test="distinct">
      distinct
    </if>
    'false' as QUERYID,
    <include refid="Base_Column_List"/>
    from demo_user
    <if test="_parameter != null">
      <include refid="Example_Where_Clause"/>
    </if>
    <if test="orderByClause != null">
      order by ${orderByClause}
    </if>
  </select>

  <select id="selectByPrimaryKey" parameterType="java.lang.Integer" resultMap="BaseResultMap">
    select
    <include refid="Base_Column_List"/>
    from demo_user
    where id = #{id,jdbcType=INTEGER}
  </select>

  <delete id="deleteByPrimaryKey" parameterType="java.lang.Integer">
    delete from demo_user
    where id = #{id,jdbcType=INTEGER}
  </delete>

  <insert id="insert" parameterType="com.sf.provider.model.DemoUser">
    insert into demo_user (id, code, name, 
      description, comment)
    values (#{id,jdbcType=INTEGER}, #{code,jdbcType=VARCHAR}, #{name,jdbcType=VARCHAR}, 
      #{description,jdbcType=VARCHAR}, #{comment,jdbcType=VARCHAR})
  </insert>

  <insert id="insertSelective" parameterType="com.sf.provider.model.DemoUser">
    insert into demo_user
    <trim prefix="(" suffix=")" suffixOverrides=",">
      <if test="id != null">
        id,
      </if>
      <if test="code != null">
        code,
      </if>
      <if test="name != null">
        name,
      </if>
      <if test="description != null">
        description,
      </if>
      <if test="comment != null">
        comment,
      </if>
    </trim>
    <trim prefix="values (" suffix=")" suffixOverrides=",">
      <if test="id != null">
        #{id,jdbcType=INTEGER},
      </if>
      <if test="code != null">
        #{code,jdbcType=VARCHAR},
      </if>
      <if test="name != null">
        #{name,jdbcType=VARCHAR},
      </if>
      <if test="description != null">
        #{description,jdbcType=VARCHAR},
      </if>
      <if test="comment != null">
        #{comment,jdbcType=VARCHAR},
      </if>
    </trim>
  </insert>

  <update id="updateByPrimaryKeySelective" parameterType="com.sf.provider.model.DemoUser">
    update demo_user
    <set>
      <if test="code != null">
        code = #{code,jdbcType=VARCHAR},
      </if>
      <if test="name != null">
        name = #{name,jdbcType=VARCHAR},
      </if>
      <if test="description != null">
        description = #{description,jdbcType=VARCHAR},
      </if>
      <if test="comment != null">
        comment = #{comment,jdbcType=VARCHAR},
      </if>
    </set>
    where id = #{id,jdbcType=INTEGER}
  </update>

  <update id="updateByPrimaryKey" parameterType="com.sf.provider.model.DemoUser">
    update demo_user
    set code = #{code,jdbcType=VARCHAR},
      name = #{name,jdbcType=VARCHAR},
      description = #{description,jdbcType=VARCHAR},
      comment = #{comment,jdbcType=VARCHAR}
    where id = #{id,jdbcType=INTEGER}
  </update>
</mapper>